{"mean": [0.0462644841195366, 0.04110195352379381, 0.030947859142717995], "std": [0.0896679521649469, 0.0753237875670829, 0.0674412436919027]}